url,clicks,impressions,ctr_percent,avg_position
https://www.signmypdf.io/blog/signature-disappears-pdf-fix,45,3561,1.26,8.0
https://www.signmypdf.io/blog/sign-pdf-on-iphone-free,3,3292,0.09,17.7
https://www.signmypdf.io/blog/electronic-signature-laws-by-state,2,1520,0.13,64.2
https://www.signmypdf.io/blog/pdf-form-fields-not-working-fix,5,1071,0.47,10.2
https://www.signmypdf.io/blog/smallpdf-vs-signmypdf,0,334,0.00,25.3
https://www.signmypdf.io/blog/sign-pdf-no-editing-allowed,4,323,1.24,10.3
https://www.signmypdf.io/blog/hipaa-electronic-signatures,0,266,0.00,83.8
https://www.signmypdf.io/blog/sign-nda-online-without-printing,2,254,0.79,47.9
https://www.signmypdf.io/blog/hellosign-alternatives-free,0,188,0.00,59.4
https://www.signmypdf.io/blog/adobe-fill-sign-vs-signmypdf,0,173,0.00,24.0
https://www.signmypdf.io/blog/protected-pdf-keeps-asking-password,1,157,0.64,16.3
https://www.signmypdf.io/blog/adobe-vs-free-pdf-protection,0,150,0.00,24.7
https://www.signmypdf.io/blog/pdf-read-only-add-text-fix,0,113,0.00,9.8
https://www.signmypdf.io/blog/eidas-regulation-eu-signatures,1,112,0.89,25.9
https://www.signmypdf.io/blog/fill-bank-form-pdf-online,3,111,2.70,7.5
https://www.signmypdf.io/blog/digital-signatures-admissible-court,0,97,0.00,64.7
https://www.signmypdf.io/blog/password-pdf-vs-encrypted-email,1,90,1.11,11.0
https://www.signmypdf.io/blog/sign-multiple-pdf-pages,2,86,2.33,9.9
https://www.signmypdf.io/blog/fill-rental-application-pdf-free,0,86,0.00,12.6
https://www.signmypdf.io/blog/protected-pdf-wont-open-some-devices,0,83,0.00,14.5
https://www.signmypdf.io/blog/signed-pdf-looks-different-fix,0,80,0.00,9.0
https://www.signmypdf.io/blog/zip-password-vs-pdf-password,0,72,0.00,8.7
https://www.signmypdf.io/blog/sign-car-purchase-agreement-online,1,70,1.43,9.9
https://signmypdf.io/blog/fill-irs-form-online-free,0,69,0.00,33.5
https://www.signmypdf.io/blog/ilovepdf-vs-signmypdf,0,69,0.00,30.5
https://www.signmypdf.io/blog/fill-visa-application-form-pdf,1,63,1.59,7.8
https://www.signmypdf.io/blog/fill-irs-form-online-free,0,58,0.00,35.8
https://www.signmypdf.io/blog/dochub-free-alternative,0,54,0.00,25.3
https://www.signmypdf.io/blog/pandadoc-free-alternative,2,48,4.17,30.8
https://www.signmypdf.io/blog/what-happens-if-protected-pdf-leaks,0,43,0.00,8.4
https://www.signmypdf.io/blog/how-to-sign-lease-agreement-online,0,42,0.00,52.0
https://www.signmypdf.io/blog/fill-medical-release-form-online,0,39,0.00,18.5
https://www.signmypdf.io/blog/add-multiple-signatures-one-pdf,0,38,0.00,31.3
https://www.signmypdf.io/blog/password-protect-pdf-on-windows-11,0,37,0.00,12.4
https://www.signmypdf.io/blog/fill-w9-form-online-free,0,36,0.00,59.6
https://www.signmypdf.io/blog/password-protect-pdf-on-iphone,0,34,0.00,12.9
https://www.signmypdf.io/blog/docusign-free-plan-vs-signmypdf,0,32,0.00,13.2
https://www.signmypdf.io/blog/photographers-digital-signatures,0,32,0.00,25.2
https://www.signmypdf.io/blog/why-pdf-not-downloading-after-sign,0,31,0.00,10.6
https://www.signmypdf.io/blog/why-lawyer-asks-password-protect-pdf,0,29,0.00,7.5
https://www.signmypdf.io/blog/sign-insurance-documents-online,0,26,0.00,8.3
https://www.signmypdf.io/blog/sign-divorce-papers-online,0,24,0.00,11.7
https://www.signmypdf.io/blog/sign-service-agreement-online,0,21,0.00,68.7
https://www.signmypdf.io/blog/electronic-signature-real-estate-legal,1,20,5.00,10.8
https://www.signmypdf.io/blog/pdf-signing-no-email-required,0,20,0.00,17.4
https://www.signmypdf.io/blog/remote-teams-sign-documents,0,19,0.00,7.4
https://www.signmypdf.io/blog/pdf-wont-let-me-type-fix,0,17,0.00,15.2
https://www.signmypdf.io/blog/signnow-free-alternative,0,17,0.00,14.7
https://www.signmypdf.io/blog/zoho-sign-vs-signmypdf,0,17,0.00,24.1
https://www.signmypdf.io/blog/hr-teams-collect-signatures,0,16,0.00,42.0
https://www.signmypdf.io/blog/signmypdf-vs-docusign-freelancers,0,14,0.00,20.1
https://www.signmypdf.io/blog/sign-school-permission-slip-online,0,12,0.00,5.9
https://www.signmypdf.io/blog/sign-pdf-windows-free,0,11,0.00,31.5
https://www.signmypdf.io/blog/accountant-wont-accept-unprotected-tax-documents,0,10,0.00,14.1
https://www.signmypdf.io/blog/password-protect-pdf-free-online-no-software,0,10,0.00,39.6
https://www.signmypdf.io/blog/fill-medical-history-form-pdf,1,8,12.50,7.5
https://www.signmypdf.io/blog/adobe-acrobat-vs-signmypdf,0,8,0.00,24.1
https://www.signmypdf.io/blog/law-firms-free-pdf-tools,0,8,0.00,45.8
https://signmypdf.io/blog/signmypdf-vs-docusign-freelancers,0,6,0.00,21.5
https://www.signmypdf.io/blog/fill-pdf-on-iphone-no-app,0,6,0.00,7.8
https://www.signmypdf.io/blog/is-password-protected-pdf-actually-secure,0,6,0.00,13.0
https://www.signmypdf.io/blog/medical-practices-hipaa-pdf-sharing,0,6,0.00,5.7
https://www.signmypdf.io/blog/consultants-proposals-digital-signature,0,5,0.00,79.6
https://www.signmypdf.io/blog/eidas-fill-pdf-eu,0,4,0.00,11.3
https://www.signmypdf.io/blog/electronic-signature-international-contracts,0,4,0.00,51.5
https://www.signmypdf.io/blog/freelancers-sign-contracts-free,0,4,0.00,33.3
https://www.signmypdf.io/blog/sign-contractor-agreement-online,0,4,0.00,7.8
https://www.signmypdf.io/blog/electronic-signature-business-contracts,0,3,0.00,29.3
https://www.signmypdf.io/blog/fill-college-application-pdf,0,3,0.00,13.0
https://www.signmypdf.io/blog/fill-insurance-claim-form-pdf,0,3,0.00,7.0
https://www.signmypdf.io/blog/password-protect-pdf-on-mac,0,3,0.00,11.3
https://www.signmypdf.io/blog/sent-confidential-contract-unprotected,0,3,0.00,8.7
https://www.signmypdf.io/blog/forgot-my-pdf-password-options,0,2,0.00,45.0
https://www.signmypdf.io/blog/real-estate-agents-protect-property-documents,0,2,0.00,11.5
https://www.signmypdf.io/blog/real-estate-agents-sign-documents,0,2,0.00,27.0
https://signmypdf.io/blog/ilovepdf-vs-signmypdf,0,1,0.00,49.0
https://www.signmypdf.io/blog/electronic-signature-security,0,1,0.00,10.0
https://www.signmypdf.io/blog/esign-act-explained,0,1,0.00,10.0
https://www.signmypdf.io/blog/fill-government-forms-online-free,0,1,0.00,11.0
https://www.signmypdf.io/blog/property-managers-tenant-signatures,0,1,0.00,9.0
https://www.signmypdf.io/blog/sign-medical-release-form-online,0,1,0.00,74.0
