url,состояние,причина,клики,показы,позиция,google_canonical,последний_обход
https://www.signmypdf.io/blog/signature-disappears-pdf-fix,Submitted and indexed,,45,3561,8.0,https://www.signmypdf.io/blog/signature-disappears-pdf-fix,2026-07-30
https://www.signmypdf.io/blog/sign-pdf-on-iphone-free,Submitted and indexed,,3,3292,17.7,https://www.signmypdf.io/blog/sign-pdf-on-iphone-free,2026-08-01
https://www.signmypdf.io/blog/electronic-signature-laws-by-state,Submitted and indexed,,2,1520,64.2,https://www.signmypdf.io/blog/electronic-signature-laws-by-state,2026-07-25
https://www.signmypdf.io/sign,Submitted and indexed,,0,1369,42.7,https://www.signmypdf.io/sign,2026-07-19
https://www.signmypdf.io/blog/pdf-form-fields-not-working-fix,Submitted and indexed,,5,1071,10.2,https://www.signmypdf.io/blog/pdf-form-fields-not-working-fix,2026-05-24
https://www.signmypdf.io/blog/smallpdf-vs-signmypdf,Submitted and indexed,,0,334,25.3,https://www.signmypdf.io/blog/smallpdf-vs-signmypdf,2026-05-28
https://www.signmypdf.io/blog/sign-pdf-no-editing-allowed,Submitted and indexed,,4,323,10.3,https://www.signmypdf.io/blog/sign-pdf-no-editing-allowed,2026-08-02
https://www.signmypdf.io/blog/hipaa-electronic-signatures,Submitted and indexed,,0,266,83.8,https://www.signmypdf.io/blog/hipaa-electronic-signatures,2026-05-27
https://www.signmypdf.io/blog/sign-nda-online-without-printing,Crawled - currently not indexed,"Просканирована, но пока не проиндексирована",2,254,47.9,https://www.signmypdf.io/blog/sign-nda-online-without-printing,2026-06-03
https://www.signmypdf.io/sign-nda,Submitted and indexed,,0,191,62.2,https://www.signmypdf.io/sign-nda,2026-06-05
https://www.signmypdf.io/blog/hellosign-alternatives-free,Submitted and indexed,,0,188,59.4,https://www.signmypdf.io/blog/hellosign-alternatives-free,2026-05-25
https://www.signmypdf.io/blog/adobe-fill-sign-vs-signmypdf,Submitted and indexed,,0,173,24.0,https://www.signmypdf.io/blog/adobe-fill-sign-vs-signmypdf,2026-07-23
https://www.signmypdf.io/blog/protected-pdf-keeps-asking-password,Submitted and indexed,,1,157,16.3,https://www.signmypdf.io/blog/protected-pdf-keeps-asking-password,2026-07-19
https://www.signmypdf.io/blog/adobe-vs-free-pdf-protection,Submitted and indexed,,0,150,24.7,https://www.signmypdf.io/blog/adobe-vs-free-pdf-protection,2026-07-23
https://www.signmypdf.io/blog/pdf-read-only-add-text-fix,Submitted and indexed,,0,113,9.8,https://www.signmypdf.io/blog/pdf-read-only-add-text-fix,2026-05-22
https://www.signmypdf.io/blog/eidas-regulation-eu-signatures,Submitted and indexed,,1,112,25.9,https://www.signmypdf.io/blog/eidas-regulation-eu-signatures,2026-05-31
https://www.signmypdf.io/blog/fill-bank-form-pdf-online,Submitted and indexed,,3,111,7.5,https://www.signmypdf.io/blog/fill-bank-form-pdf-online,2026-07-19
https://www.signmypdf.io/blog/digital-signatures-admissible-court,Submitted and indexed,,0,97,64.7,https://www.signmypdf.io/blog/digital-signatures-admissible-court,2026-05-28
https://www.signmypdf.io/blog/password-pdf-vs-encrypted-email,Submitted and indexed,,1,90,11.0,https://www.signmypdf.io/blog/password-pdf-vs-encrypted-email,2026-07-22
https://www.signmypdf.io/blog/fill-rental-application-pdf-free,Submitted and indexed,,0,86,12.6,https://www.signmypdf.io/blog/fill-rental-application-pdf-free,2026-05-30
https://www.signmypdf.io/blog/sign-multiple-pdf-pages,Crawled - currently not indexed,"Просканирована, но пока не проиндексирована",2,86,9.9,https://www.signmypdf.io/blog/sign-multiple-pdf-pages,2026-07-05
https://www.signmypdf.io/blog/protected-pdf-wont-open-some-devices,Submitted and indexed,,0,83,14.5,https://www.signmypdf.io/blog/protected-pdf-wont-open-some-devices,2026-07-29
https://www.signmypdf.io/blog/signed-pdf-looks-different-fix,Crawled - currently not indexed,"Просканирована, но пока не проиндексирована",0,80,9.0,https://www.signmypdf.io/blog/signed-pdf-looks-different-fix,2026-05-22
https://www.signmypdf.io/blog/zip-password-vs-pdf-password,Submitted and indexed,,0,72,8.7,https://www.signmypdf.io/blog/zip-password-vs-pdf-password,2026-07-22
https://www.signmypdf.io/blog/sign-car-purchase-agreement-online,Submitted and indexed,,1,70,9.9,https://www.signmypdf.io/blog/sign-car-purchase-agreement-online,2026-07-20
https://signmypdf.io/blog/fill-irs-form-online-free,Page with redirect,Страница с переадресацией,0,69,33.5,https://www.signmypdf.io/blog/fill-irs-form-online-free,2026-05-29
https://www.signmypdf.io/blog/ilovepdf-vs-signmypdf,Submitted and indexed,,0,69,30.5,https://www.signmypdf.io/blog/ilovepdf-vs-signmypdf,2026-05-05
https://www.signmypdf.io/blog/fill-visa-application-form-pdf,Submitted and indexed,,1,63,7.8,https://www.signmypdf.io/blog/fill-visa-application-form-pdf,2026-07-22
https://www.signmypdf.io/blog/fill-irs-form-online-free,Crawled - currently not indexed,"Просканирована, но пока не проиндексирована",0,58,35.8,https://www.signmypdf.io/blog/fill-irs-form-online-free,2026-05-29
https://www.signmypdf.io/blog/dochub-free-alternative,Submitted and indexed,,0,54,25.3,https://www.signmypdf.io/blog/dochub-free-alternative,2026-07-25
https://www.signmypdf.io/blog/pandadoc-free-alternative,Submitted and indexed,,2,48,30.8,https://www.signmypdf.io/blog/pandadoc-free-alternative,2026-07-03
https://www.signmypdf.io/,Submitted and indexed,,1,44,6.3,https://www.signmypdf.io/,2026-07-12
https://www.signmypdf.io/blog/what-happens-if-protected-pdf-leaks,Submitted and indexed,,0,43,8.4,https://www.signmypdf.io/blog/what-happens-if-protected-pdf-leaks,2026-05-19
https://www.signmypdf.io/blog/how-to-sign-lease-agreement-online,Submitted and indexed,,0,42,52.0,https://www.signmypdf.io/blog/how-to-sign-lease-agreement-online,2026-05-31
https://www.signmypdf.io/blog/fill-medical-release-form-online,Submitted and indexed,,0,39,18.5,https://www.signmypdf.io/blog/fill-medical-release-form-online,2026-05-31
https://www.signmypdf.io/blog/add-multiple-signatures-one-pdf,Submitted and indexed,,0,38,31.3,https://www.signmypdf.io/blog/add-multiple-signatures-one-pdf,2026-07-03
https://www.signmypdf.io/blog/password-protect-pdf-on-windows-11,Submitted and indexed,,0,37,12.4,https://www.signmypdf.io/blog/password-protect-pdf-on-windows-11,2026-07-22
https://www.signmypdf.io/blog/fill-w9-form-online-free,Crawled - currently not indexed,"Просканирована, но пока не проиндексирована",0,36,59.6,https://www.signmypdf.io/blog/fill-w9-form-online-free,2026-05-16
https://www.signmypdf.io/blog/password-protect-pdf-on-iphone,Submitted and indexed,,0,34,12.9,https://www.signmypdf.io/blog/password-protect-pdf-on-iphone,2026-07-27
https://www.signmypdf.io/blog/docusign-free-plan-vs-signmypdf,Submitted and indexed,,0,32,13.2,https://www.signmypdf.io/blog/docusign-free-plan-vs-signmypdf,2026-07-22
https://www.signmypdf.io/blog/photographers-digital-signatures,Submitted and indexed,,0,32,25.2,https://www.signmypdf.io/blog/photographers-digital-signatures,2026-07-08
https://www.signmypdf.io/blog/why-pdf-not-downloading-after-sign,Crawled - currently not indexed,"Просканирована, но пока не проиндексирована",0,31,10.6,https://www.signmypdf.io/blog/why-pdf-not-downloading-after-sign,2026-07-06
https://www.signmypdf.io/protect,Submitted and indexed,,0,31,71.8,https://www.signmypdf.io/protect,2026-06-22
https://www.signmypdf.io/merge,Submitted and indexed,,0,30,80.1,https://www.signmypdf.io/merge,2026-06-27
https://www.signmypdf.io/blog/why-lawyer-asks-password-protect-pdf,Submitted and indexed,,0,29,7.5,https://www.signmypdf.io/blog/why-lawyer-asks-password-protect-pdf,2026-07-14
https://www.signmypdf.io/blog/sign-insurance-documents-online,Submitted and indexed,,0,26,8.3,https://www.signmypdf.io/blog/sign-insurance-documents-online,2026-05-28
https://www.signmypdf.io/split,Submitted and indexed,,0,25,64.4,https://www.signmypdf.io/split,2026-07-21
https://www.signmypdf.io/blog/sign-divorce-papers-online,Submitted and indexed,,0,24,11.7,https://www.signmypdf.io/blog/sign-divorce-papers-online,2026-06-12
https://www.signmypdf.io/blog,Submitted and indexed,,0,21,29.7,https://www.signmypdf.io/blog,2026-06-22
https://www.signmypdf.io/blog/sign-service-agreement-online,Crawled - currently not indexed,"Просканирована, но пока не проиндексирована",0,21,68.7,https://www.signmypdf.io/blog/sign-service-agreement-online,2026-05-18
https://www.signmypdf.io/sign-pdf-chrome-extension,Submitted and indexed,,0,21,10.6,https://www.signmypdf.io/sign-pdf-chrome-extension,2026-05-24
https://www.signmypdf.io/blog/electronic-signature-real-estate-legal,Submitted and indexed,,1,20,10.8,https://www.signmypdf.io/blog/electronic-signature-real-estate-legal,2026-05-24
https://www.signmypdf.io/blog/pdf-signing-no-email-required,Submitted and indexed,,0,20,17.4,https://www.signmypdf.io/blog/pdf-signing-no-email-required,2026-07-22
https://www.signmypdf.io/blog/remote-teams-sign-documents,Crawled - currently not indexed,"Просканирована, но пока не проиндексирована",0,19,7.4,https://www.signmypdf.io/blog/remote-teams-sign-documents,2026-05-22
https://www.signmypdf.io/blog/pdf-wont-let-me-type-fix,Submitted and indexed,,0,17,15.2,https://www.signmypdf.io/blog/pdf-wont-let-me-type-fix,2026-07-22
https://www.signmypdf.io/blog/signnow-free-alternative,Submitted and indexed,,0,17,14.7,https://www.signmypdf.io/blog/signnow-free-alternative,2026-07-23
https://www.signmypdf.io/blog/zoho-sign-vs-signmypdf,Submitted and indexed,,0,17,24.1,https://www.signmypdf.io/blog/zoho-sign-vs-signmypdf,2026-05-19
https://www.signmypdf.io/blog/hr-teams-collect-signatures,Crawled - currently not indexed,"Просканирована, но пока не проиндексирована",0,16,42.0,https://www.signmypdf.io/blog/hr-teams-collect-signatures,2026-05-23
https://www.signmypdf.io/blog/signmypdf-vs-docusign-freelancers,Submitted and indexed,,0,14,20.1,https://www.signmypdf.io/blog/signmypdf-vs-docusign-freelancers,2026-07-22
https://www.signmypdf.io/blog/sign-school-permission-slip-online,Submitted and indexed,,0,12,5.9,https://www.signmypdf.io/blog/sign-school-permission-slip-online,2026-07-14
https://www.signmypdf.io/blog/sign-pdf-windows-free,Submitted and indexed,,0,11,31.5,https://www.signmypdf.io/blog/sign-pdf-windows-free,2026-05-26
https://www.signmypdf.io/blog/accountant-wont-accept-unprotected-tax-documents,Submitted and indexed,,0,10,14.1,https://www.signmypdf.io/blog/accountant-wont-accept-unprotected-tax-documents,2026-05-28
https://www.signmypdf.io/blog/password-protect-pdf-free-online-no-software,Submitted and indexed,,0,10,39.6,https://www.signmypdf.io/blog/password-protect-pdf-free-online-no-software,2026-07-02
https://www.signmypdf.io/privacy,Submitted and indexed,,0,10,7.6,https://www.signmypdf.io/privacy,2026-07-04
https://www.signmypdf.io/blog/adobe-acrobat-vs-signmypdf,Submitted and indexed,,0,8,24.1,https://www.signmypdf.io/blog/adobe-acrobat-vs-signmypdf,2026-05-31
https://www.signmypdf.io/blog/fill-medical-history-form-pdf,Submitted and indexed,,1,8,7.5,https://www.signmypdf.io/blog/fill-medical-history-form-pdf,2026-06-29
https://www.signmypdf.io/blog/law-firms-free-pdf-tools,Submitted and indexed,,0,8,45.8,https://www.signmypdf.io/blog/law-firms-free-pdf-tools,2026-07-22
https://signmypdf.io/blog/signmypdf-vs-docusign-freelancers,Page with redirect,Страница с переадресацией,0,6,21.5,https://www.signmypdf.io/blog/signmypdf-vs-docusign-freelancers,2026-05-28
https://www.signmypdf.io/blog/fill-pdf-on-iphone-no-app,Crawled - currently not indexed,"Просканирована, но пока не проиндексирована",0,6,7.8,https://www.signmypdf.io/blog/fill-pdf-on-iphone-no-app,2026-06-25
https://www.signmypdf.io/blog/is-password-protected-pdf-actually-secure,Submitted and indexed,,0,6,13.0,https://www.signmypdf.io/blog/is-password-protected-pdf-actually-secure,2026-05-29
https://www.signmypdf.io/blog/medical-practices-hipaa-pdf-sharing,Submitted and indexed,,0,6,5.7,https://www.signmypdf.io/blog/medical-practices-hipaa-pdf-sharing,2026-08-01
https://www.signmypdf.io/blog/consultants-proposals-digital-signature,Crawled - currently not indexed,"Просканирована, но пока не проиндексирована",0,5,79.6,https://www.signmypdf.io/blog/consultants-proposals-digital-signature,2026-07-03
https://www.signmypdf.io/compress,Submitted and indexed,,0,5,9.4,https://www.signmypdf.io/compress,2026-07-21
https://www.signmypdf.io/blog/eidas-fill-pdf-eu,Submitted and indexed,,0,4,11.3,https://www.signmypdf.io/blog/eidas-fill-pdf-eu,2026-05-23
https://www.signmypdf.io/blog/electronic-signature-international-contracts,Submitted and indexed,,0,4,51.5,https://www.signmypdf.io/blog/electronic-signature-international-contracts,2026-07-21
https://www.signmypdf.io/blog/freelancers-sign-contracts-free,Submitted and indexed,,0,4,33.3,https://www.signmypdf.io/blog/freelancers-sign-contracts-free,2026-06-29
https://www.signmypdf.io/blog/sign-contractor-agreement-online,Submitted and indexed,,0,4,7.8,https://www.signmypdf.io/blog/sign-contractor-agreement-online,2026-07-22
https://www.signmypdf.io/templates/nda-template.pdf,Submitted and indexed,,0,4,9.3,https://www.signmypdf.io/templates/nda-template.pdf,2026-05-25
https://signmypdf.io/terms,Page with redirect,Страница с переадресацией,0,3,8.0,https://www.signmypdf.io/terms,2026-06-13
https://www.signmypdf.io/blog/electronic-signature-business-contracts,Submitted and indexed,,0,3,29.3,https://www.signmypdf.io/blog/electronic-signature-business-contracts,2026-06-07
https://www.signmypdf.io/blog/fill-college-application-pdf,Submitted and indexed,,0,3,13.0,https://www.signmypdf.io/blog/fill-college-application-pdf,2026-07-22
https://www.signmypdf.io/blog/fill-insurance-claim-form-pdf,Submitted and indexed,,0,3,7.0,https://www.signmypdf.io/blog/fill-insurance-claim-form-pdf,2026-06-30
https://www.signmypdf.io/blog/password-protect-pdf-on-mac,Submitted and indexed,,0,3,11.3,https://www.signmypdf.io/blog/password-protect-pdf-on-mac,2026-08-01
https://www.signmypdf.io/blog/sent-confidential-contract-unprotected,Submitted and indexed,,0,3,8.7,https://www.signmypdf.io/blog/sent-confidential-contract-unprotected,2026-05-30
https://www.signmypdf.io/terms,Submitted and indexed,,0,3,7.3,https://www.signmypdf.io/terms,2026-07-23
https://signmypdf.io/blog,Page with redirect,Страница с переадресацией,0,2,13.0,https://www.signmypdf.io/blog,2026-06-22
https://www.signmypdf.io/blog/forgot-my-pdf-password-options,Submitted and indexed,,0,2,45.0,https://www.signmypdf.io/blog/forgot-my-pdf-password-options,2026-06-28
https://www.signmypdf.io/blog/real-estate-agents-protect-property-documents,Submitted and indexed,,0,2,11.5,https://www.signmypdf.io/blog/real-estate-agents-protect-property-documents,2026-06-27
https://www.signmypdf.io/blog/real-estate-agents-sign-documents,Crawled - currently not indexed,"Просканирована, но пока не проиндексирована",0,2,27.0,https://www.signmypdf.io/blog/real-estate-agents-sign-documents,2026-05-19
https://www.signmypdf.io/extension/privacy,Submitted and indexed,,0,2,5.5,https://www.signmypdf.io/extension/privacy,2026-07-20
https://signmypdf.io/,Page with redirect,Страница с переадресацией,0,1,79.0,https://www.signmypdf.io/,2026-07-12
https://signmypdf.io/blog/ilovepdf-vs-signmypdf,Page with redirect,Страница с переадресацией,0,1,49.0,https://www.signmypdf.io/blog/ilovepdf-vs-signmypdf,2026-05-05
https://signmypdf.io/fill,Crawled - currently not indexed,"Просканирована, но пока не проиндексирована",0,1,88.0,https://signmypdf.io/fill,2026-04-23
https://www.signmypdf.io/blog/electronic-signature-security,Submitted and indexed,,0,1,10.0,https://www.signmypdf.io/blog/electronic-signature-security,2026-07-21
https://www.signmypdf.io/blog/esign-act-explained,Submitted and indexed,,0,1,10.0,https://www.signmypdf.io/blog/esign-act-explained,2026-05-24
https://www.signmypdf.io/blog/fill-government-forms-online-free,Submitted and indexed,,0,1,11.0,https://www.signmypdf.io/blog/fill-government-forms-online-free,2026-05-31
https://www.signmypdf.io/blog/property-managers-tenant-signatures,Crawled - currently not indexed,"Просканирована, но пока не проиндексирована",0,1,9.0,https://www.signmypdf.io/blog/property-managers-tenant-signatures,2026-05-31
https://www.signmypdf.io/blog/sign-medical-release-form-online,Crawled - currently not indexed,"Просканирована, но пока не проиндексирована",0,1,74.0,https://www.signmypdf.io/blog/sign-medical-release-form-online,2026-05-20
https://www.signmypdf.io/chrome,Submitted and indexed,,0,1,6.0,https://www.signmypdf.io/chrome,2026-05-12
https://www.signmypdf.io/extension/support,Submitted and indexed,,0,1,2.0,https://www.signmypdf.io/extension/support,2026-07-05
https://www.signmypdf.io,Submitted and indexed,,0,0,,https://www.signmypdf.io,2026-07-12
https://www.signmypdf.io/blog/accountants-tax-documents-signature,Submitted and indexed,,0,0,,https://www.signmypdf.io/blog/accountants-tax-documents-signature,2026-07-23
https://www.signmypdf.io/blog/aes-128-vs-aes-256-pdf,URL is unknown to Google,Google не знает этот URL,0,0,,,
https://www.signmypdf.io/blog/biggest-mistake-protecting-pdfs,URL is unknown to Google,Google не знает этот URL,0,0,,,
https://www.signmypdf.io/blog/can-protected-pdf-be-hacked,URL is unknown to Google,Google не знает этот URL,0,0,,,
https://www.signmypdf.io/blog/cant-sign-pdf-iphone-fix,URL is unknown to Google,Google не знает этот URL,0,0,,,
https://www.signmypdf.io/blog/docusign-alternative-free,URL is unknown to Google,Google не знает этот URL,0,0,,,
https://www.signmypdf.io/blog/draw-vs-type-vs-upload-signature,URL is unknown to Google,Google не знает этот URL,0,0,,,
https://www.signmypdf.io/blog/dropbox-password-links-vs-protected-pdfs,URL is unknown to Google,Google не знает этот URL,0,0,,,
https://www.signmypdf.io/blog/electronic-signature-legal-rental,URL is unknown to Google,Google не знает этот URL,0,0,,,
https://www.signmypdf.io/blog/electronic-signature-rejected-by-landlord,URL is unknown to Google,Google не знает этот URL,0,0,,,
https://www.signmypdf.io/blog/electronic-signature-vs-notarization,URL is unknown to Google,Google не знает этот URL,0,0,,,
https://www.signmypdf.io/blog/electronic-signature-vs-wet-signature,URL is unknown to Google,Google не знает этот URL,0,0,,,
https://www.signmypdf.io/blog/fill-1099-form-online,URL is unknown to Google,Google не знает этот URL,0,0,,,
https://www.signmypdf.io/blog/fill-accident-report-form-pdf,URL is unknown to Google,Google не знает этот URL,0,0,,,
https://www.signmypdf.io/blog/fill-affidavit-pdf-online,URL is unknown to Google,Google не знает этот URL,0,0,,,
https://www.signmypdf.io/blog/fill-customs-declaration-form-pdf,URL is unknown to Google,Google не знает этот URL,0,0,,,
https://www.signmypdf.io/blog/fill-direct-deposit-form-pdf,URL is unknown to Google,Google не знает этот URL,0,0,,,
https://www.signmypdf.io/blog/fill-dmv-form-pdf-online,URL is unknown to Google,Google не знает этот URL,0,0,,,
https://www.signmypdf.io/blog/fill-employment-verification-form-pdf,URL is unknown to Google,Google не знает этот URL,0,0,,,
https://www.signmypdf.io/blog/fill-fafsa-form-pdf,URL is unknown to Google,Google не знает этот URL,0,0,,,
https://www.signmypdf.io/blog/fill-hoa-form-online,URL is unknown to Google,Google не знает этот URL,0,0,,,
https://www.signmypdf.io/blog/fill-i9-form-online,URL is unknown to Google,Google не знает этот URL,0,0,,,
https://www.signmypdf.io/blog/fill-job-application-pdf-online,URL is unknown to Google,Google не знает этот URL,0,0,,,
https://www.signmypdf.io/blog/fill-lease-renewal-pdf-free,URL is unknown to Google,Google не знает этот URL,0,0,,,
https://www.signmypdf.io/blog/fill-nda-pdf-online-free,URL is unknown to Google,Google не знает этот URL,0,0,,,
https://www.signmypdf.io/blog/fill-parental-consent-form-pdf,URL is unknown to Google,Google не знает этот URL,0,0,,,
https://www.signmypdf.io/blog/fill-pdf-checkbox-not-working,URL is unknown to Google,Google не знает этот URL,0,0,,,
https://www.signmypdf.io/blog/fill-pdf-form-not-saving-fix,URL is unknown to Google,Google не знает этот URL,0,0,,,
https://www.signmypdf.io/blog/fill-pdf-form-on-mac-free,URL is unknown to Google,Google не знает этот URL,0,0,,,
https://www.signmypdf.io/blog/fill-pdf-form-online-free,URL is unknown to Google,Google не знает этот URL,0,0,,,
https://www.signmypdf.io/blog/fill-pdf-on-android-free,URL is unknown to Google,Google не знает этот URL,0,0,,,
https://www.signmypdf.io/blog/fill-pdf-on-chromebook-free,URL is unknown to Google,Google не знает этот URL,0,0,,,
https://www.signmypdf.io/blog/fill-pdf-without-printing,URL is unknown to Google,Google не знает этот URL,0,0,,,
https://www.signmypdf.io/blog/fill-power-of-attorney-pdf,URL is unknown to Google,Google не знает этот URL,0,0,,,
https://www.signmypdf.io/blog/fill-real-estate-disclosure-form-pdf,URL is unknown to Google,Google не знает этот URL,0,0,,,
https://www.signmypdf.io/blog/fill-scanned-pdf-form-online,URL is unknown to Google,Google не знает этот URL,0,0,,,
https://www.signmypdf.io/blog/fill-scholarship-application-pdf,URL is unknown to Google,Google не знает этот URL,0,0,,,
https://www.signmypdf.io/blog/fill-small-claims-court-form-pdf,URL is unknown to Google,Google не знает этот URL,0,0,,,
https://www.signmypdf.io/blog/fill-w4-form-pdf-online,URL is unknown to Google,Google не знает этот URL,0,0,,,
https://www.signmypdf.io/blog/financial-advisors-protect-client-statements,URL is unknown to Google,Google не знает этот URL,0,0,,,
https://www.signmypdf.io/blog/fix-typo-on-signed-pdf,URL is unknown to Google,Google не знает этот URL,0,0,,,
https://www.signmypdf.io/blog/freelancers-protect-client-contracts,Crawled - currently not indexed,"Просканирована, но пока не проиндексирована",0,0,,https://www.signmypdf.io/blog/freelancers-protect-client-contracts,2026-06-12
https://www.signmypdf.io/blog/how-to-add-signature-to-pdf,URL is unknown to Google,Google не знает этот URL,0,0,,,
https://www.signmypdf.io/blog/how-to-sign-nda-online,URL is unknown to Google,Google не знает этот URL,0,0,,,
https://www.signmypdf.io/blog/how-to-sign-pdf-online,URL is unknown to Google,Google не знает этот URL,0,0,,,
https://www.signmypdf.io/blog/hr-pdf-resume-protection,URL is unknown to Google,Google не знает этот URL,0,0,,,
https://www.signmypdf.io/blog/just-email-it-isnt-enough-for-sensitive-documents,URL is unknown to Google,Google не знает этот URL,0,0,,,
https://www.signmypdf.io/blog/onedrive-vs-password-pdf-protection,URL is unknown to Google,Google не знает этот URL,0,0,,,
https://www.signmypdf.io/blog/owner-password-vs-user-password,URL is unknown to Google,Google не знает этот URL,0,0,,,
https://www.signmypdf.io/blog/password-protect-pdf-on-android,URL is unknown to Google,Google не знает этот URL,0,0,,,
https://www.signmypdf.io/blog/password-protect-pdf-on-chromebook,URL is unknown to Google,Google не знает этот URL,0,0,,,
https://www.signmypdf.io/blog/password-protect-pdf-online-free,Crawled - currently not indexed,"Просканирована, но пока не проиндексирована",0,0,,https://www.signmypdf.io/blog/password-protect-pdf-online-free,2026-05-30
https://www.signmypdf.io/blog/password-protect-pdf-without-adobe,Crawled - currently not indexed,"Просканирована, но пока не проиндексирована",0,0,,https://www.signmypdf.io/blog/password-protect-pdf-without-adobe,2026-05-22
https://www.signmypdf.io/blog/pdf-encryption-explained-plain-english,URL is unknown to Google,Google не знает этот URL,0,0,,,
https://www.signmypdf.io/blog/pdf-form-wont-let-me-type,URL is unknown to Google,Google не знает этот URL,0,0,,,
https://www.signmypdf.io/blog/pdf-signature-field-not-clickable-fix,URL is unknown to Google,Google не знает этот URL,0,0,,,
https://www.signmypdf.io/blog/pdf-signature-grayed-out-fix,URL is unknown to Google,Google не знает этот URL,0,0,,,
https://www.signmypdf.io/blog/pdf-signature-invalid-error-fix,URL is unknown to Google,Google не знает этот URL,0,0,,,
https://www.signmypdf.io/blog/protect-business-proposal-pdf,URL is unknown to Google,Google не знает этот URL,0,0,,,
https://www.signmypdf.io/blog/protect-confidential-business-reports-pdf,URL is unknown to Google,Google не знает этот URL,0,0,,,
https://www.signmypdf.io/blog/protect-invoice-pdf-online,URL is unknown to Google,Google не знает этот URL,0,0,,,
https://www.signmypdf.io/blog/protect-pdf-before-emailing-clients,URL is unknown to Google,Google не знает этот URL,0,0,,,
https://www.signmypdf.io/blog/protect-pdf-employee-handbook,URL is unknown to Google,Google не знает этот URL,0,0,,,
https://www.signmypdf.io/blog/protect-pdf-for-remote-workers,URL is unknown to Google,Google не знает этот URL,0,0,,,
https://www.signmypdf.io/blog/protect-pdf-from-copying-text,URL is unknown to Google,Google не знает этот URL,0,0,,,
https://www.signmypdf.io/blog/protect-pdf-from-editing-online,URL is unknown to Google,Google не знает этот URL,0,0,,,
https://www.signmypdf.io/blog/protect-pdf-from-printing,URL is unknown to Google,Google не знает этот URL,0,0,,,
https://www.signmypdf.io/blog/protect-pdf-google-drive,URL is unknown to Google,Google не знает этот URL,0,0,,,
https://www.signmypdf.io/blog/protect-tax-return-pdf,URL is unknown to Google,Google не знает этот URL,0,0,,,
https://www.signmypdf.io/blog/remove-password-from-pdf-you-own,Submitted and indexed,,0,0,,https://www.signmypdf.io/blog/remove-password-from-pdf-you-own,2026-07-21
https://www.signmypdf.io/blog/shared-link-vs-password-protected-pdf,URL is unknown to Google,Google не знает этот URL,0,0,,,
https://www.signmypdf.io/blog/sign-affidavit-online-free,URL is unknown to Google,Google не знает этот URL,0,0,,,
https://www.signmypdf.io/blog/sign-authorization-letter-online,URL is unknown to Google,Google не знает этот URL,0,0,,,
https://www.signmypdf.io/blog/sign-construction-contract-online,Crawled - currently not indexed,"Просканирована, но пока не проиндексирована",0,0,,https://www.signmypdf.io/blog/sign-construction-contract-online,2026-05-18
https://www.signmypdf.io/blog/sign-consulting-agreement-online,URL is unknown to Google,Google не знает этот URL,0,0,,,
https://www.signmypdf.io/blog/sign-custody-agreement-online,URL is unknown to Google,Google не знает этот URL,0,0,,,
https://www.signmypdf.io/blog/sign-employee-handbook-online,URL is unknown to Google,Google не знает этот URL,0,0,,,
https://www.signmypdf.io/blog/sign-employment-offer-letter-online,URL is unknown to Google,Google не знает этот URL,0,0,,,
https://www.signmypdf.io/blog/sign-independent-contractor-agreement-online,URL is unknown to Google,Google не знает этот URL,0,0,,,
https://www.signmypdf.io/blog/sign-invoice-online-free,URL is unknown to Google,Google не знает этот URL,0,0,,,
https://www.signmypdf.io/blog/sign-lease-renewal-online,URL is unknown to Google,Google не знает этот URL,0,0,,,
https://www.signmypdf.io/blog/sign-letter-of-intent-online,URL is unknown to Google,Google не знает этот URL,0,0,,,
https://www.signmypdf.io/blog/sign-non-compete-agreement-online,Submitted and indexed,,0,0,,https://www.signmypdf.io/blog/sign-non-compete-agreement-online,2026-07-23
https://www.signmypdf.io/blog/sign-partnership-agreement-online,URL is unknown to Google,Google не знает этот URL,0,0,,,
https://www.signmypdf.io/blog/sign-pdf-and-email-back,URL is unknown to Google,Google не знает этот URL,0,0,,,
https://www.signmypdf.io/blog/sign-pdf-android-free,URL is unknown to Google,Google не знает этот URL,0,0,,,
https://www.signmypdf.io/blog/sign-pdf-fast-secure,URL is unknown to Google,Google не знает этот URL,0,0,,,
https://www.signmypdf.io/blog/sign-pdf-free-without-registration,URL is unknown to Google,Google не знает этот URL,0,0,,,
https://www.signmypdf.io/blog/sign-pdf-from-google-drive-free,URL is unknown to Google,Google не знает этот URL,0,0,,,
https://www.signmypdf.io/blog/sign-pdf-mac-preview-vs-browser,URL is unknown to Google,Google не знает этот URL,0,0,,,
https://www.signmypdf.io/blog/sign-pdf-no-printer-no-scanner,URL is unknown to Google,Google не знает этот URL,0,0,,,
https://www.signmypdf.io/blog/sign-pdf-no-watermark,URL is unknown to Google,Google не знает этот URL,0,0,,,
https://www.signmypdf.io/blog/sign-pdf-on-chromebook-free,URL is unknown to Google,Google не знает этот URL,0,0,,,
https://www.signmypdf.io/blog/sign-pdf-on-mac,URL is unknown to Google,Google не знает этот URL,0,0,,,
https://www.signmypdf.io/blog/sign-pdf-without-adobe,URL is unknown to Google,Google не знает этот URL,0,0,,,
https://www.signmypdf.io/blog/sign-power-of-attorney-online,URL is unknown to Google,Google не знает этот URL,0,0,,,
https://www.signmypdf.io/blog/sign-promissory-note-online,URL is unknown to Google,Google не знает этот URL,0,0,,,
https://www.signmypdf.io/blog/sign-release-of-liability-online,URL is unknown to Google,Google не знает этот URL,0,0,,,
https://www.signmypdf.io/blog/sign-settlement-agreement-online,URL is unknown to Google,Google не знает этот URL,0,0,,,
https://www.signmypdf.io/blog/sign-termination-letter-online,URL is unknown to Google,Google не знает этот URL,0,0,,,
https://www.signmypdf.io/blog/sign-vendor-agreement-online,URL is unknown to Google,Google не знает этот URL,0,0,,,
https://www.signmypdf.io/blog/small-business-document-signing,Submitted and indexed,,0,0,,https://www.signmypdf.io/blog/small-business-document-signing,2026-05-30
https://www.signmypdf.io/blog/smallpdf-vs-ilovepdf-vs-signmypdf-protection,URL is unknown to Google,Google не знает этот URL,0,0,,,
https://www.signmypdf.io/blog/stop-pdf-from-being-forwarded,URL is unknown to Google,Google не знает этот URL,0,0,,,
https://www.signmypdf.io/blog/teachers-protect-exam-pdfs,URL is unknown to Google,Google не знает этот URL,0,0,,,
https://www.signmypdf.io/fill,Alternate page with proper canonical tag,Вариант страницы с тегом canonical,0,0,,https://signmypdf.io/fill,2026-04-23
